target_id	length	eff_length	est_counts	tpm
KIR:KIR00001	14738	14589.3	0	0
KIR:KIR00978	14738	14589.3	0	0
KIR:KIR00979	14738	14589.3	0	0
KIR:KIR01188	14738	14589.3	0	0
KIR:KIR01849	14738	14589.3	32.6378	188.984
KIR:KIR01852	14738	14589.3	28.8006	166.765
KIR:KIR01811	14737	14588.3	0	0
KIR:KIR02338	14694	14545.3	0	0
KIR:KIR02339	14693	14544.3	0	0
KIR:KIR01977	14738	14589.3	0	0
KIR:KIR02058	14738	14589.3	0	0
KIR:KIR00002	14739	14590.3	17.6214	102.027
KIR:KIR00398	14739	14590.3	0	0
KIR:KIR00644	14738	14589.3	0	0
KIR:KIR01038	14738	14589.3	0	0
KIR:KIR01055	14739	14590.3	0	0
KIR:KIR01056	14739	14590.3	40.6191	235.182
KIR:KIR01059	14739	14590.3	1.92279e-07	1.11328e-06
KIR:KIR01063	14739	14590.3	0	0
KIR:KIR01065	14739	14590.3	0	0
KIR:KIR01068	14739	14590.3	0.000397493	0.00230146
KIR:KIR01076	14738	14589.3	0	0
KIR:KIR01091	14739	14590.3	17.6534	102.212
KIR:KIR01106	14739	14590.3	0	0
KIR:KIR01111	14739	14590.3	0	0
KIR:KIR01118	14739	14590.3	0	0
KIR:KIR01122	14739	14590.3	0	0
KIR:KIR01182	14739	14590.3	0	0
KIR:KIR01183	14738	14589.3	0	0
KIR:KIR01187	14739	14590.3	0	0
KIR:KIR01833	14739	14590.3	0.000358502	0.00207571
KIR:KIR01974	14738	14589.3	0.000428944	0.00248373
KIR:KIR01988	14737	14588.3	0	0
KIR:KIR01943	14734	14585.3	54.489	315.597
KIR:KIR01904	14739	14590.3	0	0
KIR:KIR01859	14738	14589.3	0	0
KIR:KIR01924	14738	14589.3	80.1711	464.219
KIR:KIR01946	14739	14590.3	235.001	1360.64
KIR:KIR02035	14738	14589.3	0	0
KIR:KIR01781	14738	14589.3	63.9588	370.344
KIR:KIR02017	14738	14589.3	1376.02	7967.65
KIR:KIR02036	14739	14590.3	100.492	581.846
KIR:KIR01862	14738	14589.3	0	0
KIR:KIR01930	14738	14589.3	95.8244	554.857
KIR:KIR01947	14738	14589.3	2.07493e-07	1.20145e-06
KIR:KIR01853	14738	14589.3	0	0
KIR:KIR01971	14739	14590.3	0	0
KIR:KIR01901	14738	14589.3	0	0
KIR:KIR02029	14739	14590.3	40.6663	235.456
KIR:KIR01780	14738	14589.3	62.0033	359.02
KIR:KIR01799	14737	14588.3	66.9095	387.456
KIR:KIR01902	14738	14589.3	2053.93	11893
KIR:KIR01921	14739	14590.3	0	0
KIR:KIR02030	14738	14589.3	45.4646	263.256
KIR:KIR01886	14550	14401.3	0	0
KIR:KIR01554	14738	14589.3	0	0
KIR:KIR02007	14739	14590.3	0	0
KIR:KIR01967	14738	14589.3	0	0
KIR:KIR01871	14737	14588.3	13.1455	76.1221
KIR:KIR01998	14738	14589.3	0	0
KIR:KIR01905	14739	14590.3	0	0
KIR:KIR01873	14738	14589.3	0.000649422	0.00376038
KIR:KIR01888	14738	14589.3	144.814	838.524
KIR:KIR00004	14217	14068.3	0	0
KIR:KIR00294	14741	14592.3	0	0
KIR:KIR00397	14740	14591.3	9.11163	52.7522
KIR:KIR00399	14741	14592.3	0	0
KIR:KIR00404	14741	14592.3	0	0
KIR:KIR00400	14741	14592.3	0	0
KIR:KIR00401	14741	14592.3	13.6448	78.9918
KIR:KIR00402	14741	14592.3	0	0
KIR:KIR00403	14741	14592.3	0	0
KIR:KIR00616	14741	14592.3	6.77951	39.2476
KIR:KIR01047	14741	14592.3	0	0
KIR:KIR01048	14741	14592.3	0	0
KIR:KIR01061	14741	14592.3	0	0
KIR:KIR01070	14741	14592.3	0	0
KIR:KIR01077	14741	14592.3	0	0
KIR:KIR01081	14741	14592.3	0	0
KIR:KIR01082	14741	14592.3	0	0
KIR:KIR01083	14741	14592.3	0	0
KIR:KIR01087	14741	14592.3	0	0
KIR:KIR01088	14741	14592.3	2.17021	12.5637
KIR:KIR01098	14740	14591.3	0	0
KIR:KIR01099	14741	14592.3	0	0
KIR:KIR01107	14741	14592.3	0	0
KIR:KIR01113	14741	14592.3	0	0
KIR:KIR01115	14741	14592.3	0	0
KIR:KIR01125	14741	14592.3	0	0
KIR:KIR01126	14741	14592.3	0	0
KIR:KIR01129	14741	14592.3	52.0618	301.394
KIR:KIR01130	14741	14592.3	0	0
KIR:KIR01131	14741	14592.3	0	0
KIR:KIR01132	14741	14592.3	0	0
KIR:KIR01170	14740	14591.3	21.6446	125.312
KIR:KIR01174	14741	14592.3	6.3967	37.0315
KIR:KIR01175	14741	14592.3	0	0
KIR:KIR01176	14741	14592.3	20.0578	116.118
KIR:KIR01177	14742	14593.3	0	0
KIR:KIR01178	14743	14594.3	7.43235	43.0211
KIR:KIR01179	14742	14593.3	0	0
KIR:KIR01180	14741	14592.3	0	0
KIR:KIR01181	14741	14592.3	13.0445	75.5168
KIR:KIR01184	14741	14592.3	0	0
KIR:KIR01185	14742	14593.3	0	0
KIR:KIR01186	14741	14592.3	0	0
KIR:KIR01981	14740	14591.3	6.82523	39.5151
KIR:KIR01869	14740	14591.3	0	0
KIR:KIR01882	14740	14591.3	0	0
KIR:KIR01936	14740	14591.3	0	0
KIR:KIR01895	14742	14593.3	2.01112	11.6419
KIR:KIR01855	14741	14592.3	16.1057	93.2382
KIR:KIR01878	14741	14592.3	0	0
KIR:KIR01937	14741	14592.3	0	0
KIR:KIR01896	14742	14593.3	0	0
KIR:KIR01935	14742	14593.3	2.01112	11.6419
KIR:KIR01966	14741	14592.3	7.08468	41.0143
KIR:KIR01906	14741	14592.3	64.6529	374.286
KIR:KIR01821	14741	14592.3	0	0
KIR:KIR01840	14741	14592.3	0	0
KIR:KIR01834	14742	14593.3	31.6227	183.056
KIR:KIR02034	14741	14592.3	0	0
KIR:KIR02026	14742	14593.3	0	0
KIR:KIR01794	14741	14592.3	5.46343	31.6287
KIR:KIR01816	14740	14591.3	0	0
KIR:KIR01993	14741	14592.3	23.5087	136.096
KIR:KIR02044	14742	14593.3	0	0
KIR:KIR01772	14740	14591.3	7.18138	41.577
KIR:KIR01908	14741	14592.3	0	0
KIR:KIR01863	14741	14592.3	0	0
KIR:KIR01910	14741	14592.3	0	0
KIR:KIR01861	14742	14593.3	0	0
KIR:KIR01985	14742	14593.3	0	0
KIR:KIR01919	14742	14593.3	0	0
KIR:KIR01856	14741	14592.3	0	0
KIR:KIR01957	14742	14593.3	0	0
KIR:KIR01820	14741	14592.3	1.23779e-05	7.16574e-05
KIR:KIR01802	14741	14592.3	0.000378535	0.0021914
KIR:KIR02052	14742	14593.3	0	0
KIR:KIR01997	14741	14592.3	0	0
KIR:KIR01994	14741	14592.3	0	0
KIR:KIR02053	14741	14592.3	0	0
KIR:KIR02032	14741	14592.3	0	0
KIR:KIR02028	14742	14593.3	0	0
KIR:KIR01836	14741	14592.3	0	0
KIR:KIR02010	14740	14591.3	0	0
KIR:KIR02041	14741	14592.3	0	0
KIR:KIR01847	14743	14594.3	1.8637	10.7878
KIR:KIR02059	14740	14591.3	0	0
KIR:KIR02039	14740	14591.3	9.53406	55.198
KIR:KIR01865	14741	14592.3	0	0
KIR:KIR01949	14217	14068.3	7.1826	43.1299
KIR:KIR01912	14217	14068.3	51.1301	307.025
KIR:KIR01932	14741	14592.3	0	0
KIR:KIR01914	14217	14068.3	0	0
KIR:KIR01884	14217	14068.3	9.7858	58.7616
KIR:KIR01986	14741	14592.3	0	0
KIR:KIR01801	14741	14592.3	0	0
KIR:KIR01770	14741	14592.3	0	0
KIR:KIR01809	14741	14592.3	0	0
KIR:KIR01826	14217	14068.3	262.399	1575.65
KIR:KIR00005	14740	14591.3	248.542	1438.95
KIR:KIR01173	14741	14592.3	6.25571	36.2153
KIR:KIR01857	14741	14592.3	0	0
KIR:KIR02057	14744	14595.3	0	0
KIR:KIR01979	14743	14594.3	0	0
KIR:KIR02031	14741	14592.3	0	0
KIR:KIR01926	14741	14592.3	0	0
KIR:KIR01987	14741	14592.3	0	0
KIR:KIR01818	14742	14593.3	0	0
KIR:KIR01892	14741	14592.3	0	0
KIR:KIR01969	14740	14591.3	4.37946	25.3551
KIR:KIR01925	14741	14592.3	4.05839	23.4947
KIR:KIR01867	14741	14592.3	0	0
KIR:KIR01945	14742	14593.3	3.11332	18.0223
KIR:KIR02049	14741	14592.3	3.3596	19.4493
KIR:KIR01864	14741	14592.3	0	0
KIR:KIR01933	14741	14592.3	0	0
KIR:KIR02008	14741	14592.3	3.45006	19.9729
KIR:KIR02054	14742	14593.3	3.19715	18.5075
KIR:KIR02033	14742	14593.3	0	0
KIR:KIR01972	14743	14594.3	0	0
KIR:KIR02055	14742	14593.3	0	0
KIR:KIR01929	14741	14592.3	0	0
KIR:KIR01978	14217	14068.3	11.5256	69.2085
KIR:KIR01789	14217	14068.3	0	0
KIR:KIR00006	14748	14599.3	0	0
KIR:KIR00007	14748	14599.3	9.43193	54.5767
KIR:KIR01052	14748	14599.3	0	0
KIR:KIR01053	14748	14599.3	0	0
KIR:KIR01062	14748	14599.3	5.74337	33.2333
KIR:KIR01069	14748	14599.3	0	0
KIR:KIR01074	14748	14599.3	0	0
KIR:KIR01079	14748	14599.3	0	0
KIR:KIR01084	14748	14599.3	0	0
KIR:KIR01085	14748	14599.3	0	0
KIR:KIR01090	14748	14599.3	0	0
KIR:KIR01094	14469	14320.3	0	0
KIR:KIR01104	14748	14599.3	0	0
KIR:KIR01108	14748	14599.3	11.6231	67.2558
KIR:KIR01123	14748	14599.3	11.1456	64.4925
KIR:KIR01189	14748	14599.3	6.24254	36.1217
KIR:KIR01172	14748	14599.3	6.55918	37.9539
KIR:KIR01990	14748	14599.3	72.1054	417.229
KIR:KIR01858	14748	14599.3	0	0
KIR:KIR01903	14748	14599.3	0	0
KIR:KIR01958	14748	14599.3	5.84686	33.8322
KIR:KIR01983	14748	14599.3	0	0
KIR:KIR01776	14748	14599.3	18.0694	104.556
KIR:KIR01783	14748	14599.3	0	0
KIR:KIR02014	14748	14599.3	0.254485	1.47255
KIR:KIR01796	14748	14599.3	0	0
KIR:KIR01845	14748	14599.3	0	0
KIR:KIR01965	14748	14599.3	13.5866	78.6174
KIR:KIR01883	14748	14599.3	0	0
KIR:KIR01868	14748	14599.3	0	0
KIR:KIR01996	14748	14599.3	0	0
KIR:KIR01810	14744	14595.3	5.76719	33.3803
KIR:KIR02040	14748	14599.3	0	0
KIR:KIR02201	14748	14599.3	0	0
KIR:KIR02308	14704	14555.3	5.91875	34.3516
KIR:KIR00203	14748	14599.3	0	0
KIR:KIR01938	14748	14599.3	0	0
KIR:KIR01171	14748	14599.3	0	0
KIR:KIR01880	14748	14599.3	0	0
KIR:KIR02022	14748	14599.3	0	0
KIR:KIR01950	14748	14599.3	0	0
KIR:KIR01874	14748	14599.3	0	0
KIR:KIR02043	14748	14599.3	0	0
KIR:KIR01827	14747	14598.3	0	0
KIR:KIR01838	14748	14599.3	0	0
KIR:KIR00200	14749	14600.3	16.8735	97.6297
KIR:KIR01893	14749	14600.3	0	0
KIR:KIR01942	14748	14599.3	16.9568	98.1184
KIR:KIR01879	14749	14600.3	0	0
KIR:KIR01795	14749	14600.3	0	0
KIR:KIR01876	14749	14600.3	0	0
KIR:KIR00201	14739	14590.3	0	0
KIR:KIR01955	14738	14589.3	0	0
KIR:KIR00214	14746	14597.3	37.8473	219.029
KIR:KIR00396	14728	14579.3	0	0
KIR:KIR02090	14728	14579.3	299.344	1734.49
KIR:KIR00331	14737	14588.3	100.2	580.235
KIR:KIR00574	14738	14589.3	2286.54	13239.9
KIR:KIR00333	14741	14592.3	2.55067e-06	1.47662e-05
KIR:KIR00617	14741	14592.3	7.40066	42.8436
KIR:KIR00865	14741	14592.3	0	0
KIR:KIR01566	14742	14593.3	0	0
KIR:KIR01565	14741	14592.3	0	0
KIR:KIR00900	14741	14592.3	7.72337	44.7118
KIR:KIR00980	14741	14592.3	0	0
KIR:KIR01550	14741	14592.3	0	0
KIR:KIR01860	14741	14592.3	0	0
KIR:KIR02011	14740	14591.3	0	0
KIR:KIR01538	14744	14595.3	0.211837	1.2261
KIR:KIR01541	14738	14589.3	0	0
KIR:KIR01815	14738	14589.3	76.4308	442.561
KIR:KIR01571	14224	14075.3	0	0
KIR:KIR01533	14748	14599.3	0	0
KIR:KIR01558	14740	14591.3	22.8677	132.393
KIR:KIR01553	14740	14591.3	0	0
KIR:KIR01959	14741	14592.3	0	0
KIR:KIR01917	14741	14592.3	0	0
KIR:KIR01788	14740	14591.3	0	0
KIR:KIR01532	14741	14592.3	0	0
KIR:KIR01564	14738	14589.3	10.3284	59.8052
KIR:KIR01569	14738	14589.3	10.3284	59.8052
KIR:KIR01570	14737	14588.3	11.1457	64.5419
KIR:KIR01568	14741	14592.3	14.0769	81.4932
KIR:KIR01567	14740	14591.3	0	0
KIR:KIR01548	14741	14592.3	0	0
KIR:KIR01534	14739	14590.3	0	0
KIR:KIR01535	14738	14589.3	10.8701	62.9419
KIR:KIR01536	14748	14599.3	11.1451	64.4896
KIR:KIR01562	14748	14599.3	0	0
KIR:KIR01540	14748	14599.3	0	0
KIR:KIR01539	14748	14599.3	0	0
KIR:KIR01542	14738	14589.3	0	0
KIR:KIR01543	14749	14600.3	0.239486	1.38566
KIR:KIR01537	14748	14599.3	0.241071	1.39493
KIR:KIR01544	14748	14599.3	11.5525	66.8469
KIR:KIR01545	14748	14599.3	5.95513	34.4587
KIR:KIR01547	14741	14592.3	0	0
KIR:KIR01848	14741	14592.3	0	0
KIR:KIR01551	14748	14599.3	17.1286	99.1126
KIR:KIR01555	14739	14590.3	20.3368	117.749
KIR:KIR01556	14738	14589.3	21.9459	127.074
KIR:KIR01557	14739	14590.3	0	0
KIR:KIR01559	14739	14590.3	0	0
KIR:KIR01560	14739	14590.3	81.2195	470.257
KIR:KIR01561	14741	14592.3	0	0
KIR:KIR01549	14741	14592.3	3.13938e-07	1.81744e-06
KIR:KIR01546	14741	14592.3	32.8099	189.942
KIR:KIR01628	14741	14592.3	0	0
KIR:KIR02242	14741	14592.3	121.635	704.163
KIR:KIR01934	14742	14593.3	2.16456	12.5301
KIR:KIR01952	14741	14592.3	2.33579	13.5222
KIR:KIR01899	14741	14592.3	2.33579	13.5222
KIR:KIR01944	14737	14588.3	0	0
KIR:KIR01968	14748	14599.3	0	0
KIR:KIR01982	14748	14599.3	0	0
KIR:KIR01881	14748	14599.3	0	0
KIR:KIR01951	14741	14592.3	0	0
KIR:KIR01835	14741	14592.3	0	0
KIR:KIR02168	14741	14592.3	0	0
KIR:KIR01897	14748	14599.3	0	0
KIR:KIR01918	14742	14593.3	0	0
KIR:KIR01894	14741	14592.3	0	0
KIR:KIR01954	14740	14591.3	1746.75	10112.9
KIR:KIR01872	14741	14592.3	0	0
KIR:KIR01980	14742	14593.3	0	0
KIR:KIR01984	14741	14592.3	0	0
KIR:KIR01798	14742	14593.3	0	0
KIR:KIR01916	14738	14589.3	16.2347	94.0047
KIR:KIR01900	14741	14592.3	13.9375	80.6864
KIR:KIR01953	14742	14593.3	0.0035612	0.020615
KIR:KIR01923	14741	14592.3	0	0
KIR:KIR01975	14744	14595.3	46.6333	269.912
KIR:KIR01787	14744	14595.3	46.6333	269.912
KIR:KIR01960	14748	14599.3	0	0
KIR:KIR01989	14740	14591.3	9.89404	57.282
KIR:KIR01841	14741	14592.3	9.16868	53.0789
KIR:KIR01915	14741	14592.3	0	0
KIR:KIR01976	14742	14593.3	0.000134508	0.000778633
KIR:KIR01850	14741	14592.3	0	0
KIR:KIR01922	14741	14592.3	0	0
KIR:KIR01907	14748	14599.3	0	0
KIR:KIR01870	14738	14589.3	0	0
KIR:KIR01803	14739	14590.3	0	0
KIR:KIR01784	14741	14592.3	0	0
KIR:KIR01800	14738	14589.3	0	0
KIR:KIR01854	14739	14590.3	0	0
KIR:KIR01956	14738	14589.3	0	0
KIR:KIR01775	14747	14598.3	0	0
KIR:KIR02027	14738	14589.3	0	0
KIR:KIR02020	14739	14590.3	0	0
KIR:KIR02047	14741	14592.3	0	0
KIR:KIR02013	14742	14593.3	0	0
KIR:KIR02019	14741	14592.3	0	0
KIR:KIR02000	14744	14595.3	0.00111192	0.00643577
KIR:KIR01999	14738	14589.3	0	0
KIR:KIR01939	14737	14588.3	0	0
KIR:KIR01817	14737	14588.3	76.486	442.911
KIR:KIR01782	14749	14600.3	0	0
KIR:KIR02048	14739	14590.3	21.4332	124.097
KIR:KIR01973	14738	14589.3	23.1291	133.926
KIR:KIR01839	14741	14592.3	0	0
KIR:KIR01813	14741	14592.3	0	0
KIR:KIR01891	14740	14591.3	0	0
KIR:KIR01797	14742	14593.3	0	0
KIR:KIR02005	14741	14592.3	0	0
KIR:KIR01777	14740	14591.3	0	0
KIR:KIR01819	14741	14592.3	0	0
KIR:KIR02004	14217	14068.3	0	0
KIR:KIR01791	14741	14592.3	0	0
KIR:KIR01790	14738	14589.3	0	0
KIR:KIR01887	14739	14590.3	0	0
KIR:KIR01829	14744	14595.3	0	0
KIR:KIR02024	14739	14590.3	0	0
KIR:KIR01807	14739	14590.3	3.54988e-06	2.05537e-05
KIR:KIR01837	14738	14589.3	3.83076e-06	2.21814e-05
KIR:KIR01963	14748	14599.3	0	0
KIR:KIR01824	14741	14592.3	0	0
KIR:KIR02050	14741	14592.3	0	0
KIR:KIR01940	14738	14589.3	54.3555	314.737
KIR:KIR01962	14738	14589.3	13.8933	80.4468
KIR:KIR01779	14739	14590.3	12.8746	74.5432
KIR:KIR01927	14741	14592.3	0	0
KIR:KIR01913	14742	14593.3	0	0
KIR:KIR02051	14741	14592.3	0	0
KIR:KIR01941	14739	14590.3	0	0
KIR:KIR01898	14741	14592.3	0	0
KIR:KIR02009	14748	14599.3	0	0
KIR:KIR01875	14741	14592.3	2.63515	15.2553
KIR:KIR02102	14742	14593.3	16.7872	97.1772
KIR:KIR01877	14739	14590.3	7.52167	43.5501
KIR:KIR02158	14738	14589.3	8.11681	46.9991
KIR:KIR01828	14741	14592.3	0	0
KIR:KIR01778	14741	14592.3	0	0
KIR:KIR02003	14741	14592.3	3.16225	18.3068
KIR:KIR01995	14741	14592.3	72.3326	418.744
KIR:KIR01961	14741	14592.3	0	0
KIR:KIR02012	14741	14592.3	22.5286	130.422
KIR:KIR00010	14812	14663.3	40.1721	231.436
KIR:KIR00405	14785	14636.3	0	0
KIR:KIR00407	14780	14631.3	0	0
KIR:KIR00410	14780	14631.3	88.0871	508.59
KIR:KIR00618	14782	14633.3	61.2795	353.763
KIR:KIR00645	14782	14633.3	0	0
KIR:KIR00630	14748	14599.3	0	0
KIR:KIR00012	14696	14547.3	0	0
KIR:KIR00316	14810	14661.3	0	0
KIR:KIR00335	14338	14189.3	38.3544	228.346
KIR:KIR00406	14775	14626.3	0	0
KIR:KIR00408	14780	14631.3	0	0
KIR:KIR00409	14772	14623.3	167.793	969.318
KIR:KIR00411	14768	14619.3	0	0
KIR:KIR01089	14804	14655.3	0	0
KIR:KIR00014	14761	14612.3	0	0
KIR:KIR00412	14767	14618.3	14.7734	85.3732
KIR:KIR00413	14755	14606.3	0	0
KIR:KIR00415	14757	14608.3	84.5795	489.107
KIR:KIR00416	14755	14606.3	0	0
KIR:KIR00417	14755	14606.3	0	0
KIR:KIR00418	14756	14607.3	0	0
KIR:KIR00419	14750	14601.3	0	0
KIR:KIR00619	14750	14601.3	0	0
KIR:KIR00631	14768	14619.3	0	0
KIR:KIR00657	14763	14614.3	224.32	1296.67
KIR:KIR01064	14750	14601.3	0	0
KIR:KIR01072	14755	14606.3	0	0
KIR:KIR01080	14768	14619.3	0	0
KIR:KIR01101	14750	14601.3	0	0
KIR:KIR00734	14754	14605.3	122.157	706.558
KIR:KIR00015	14791	14642.3	7971.94	45993.2
KIR:KIR00435	14810	14661.3	367.773	2119.07
KIR:KIR00646	14784	14635.3	2.05837	11.8812
KIR:KIR00018	14757	14608.3	4640.28	26833.9
KIR:KIR00019	14778	14629.3	673.511	3889.2
KIR:KIR00414	14779	14630.3	905.994	5231.32
KIR:KIR01116	14756	14607.3	224.796	1300.04
KIR:KIR02326	14742	14593.3	0	0
KIR:KIR00021	11177	11028.3	0	0
KIR:KIR00424	11177	11028.3	0	0
KIR:KIR01133	11177	11028.3	5.28136	40.4553
KIR:KIR00112	10593	10444.3	0.000418907	0.00338826
KIR:KIR00115	10565	10416.3	0	0
KIR:KIR00420	11177	11028.3	11.1956	85.7588
KIR:KIR00421	11177	11028.3	19.0438	145.876
KIR:KIR00422	11177	11028.3	0	0
KIR:KIR00423	11177	11028.3	0	0
KIR:KIR00425	11177	11028.3	0	0
KIR:KIR00620	11212	11063.3	10.4058	79.4565
KIR:KIR01134	11177	11028.3	0	0
KIR:KIR02307	11032	10883.3	0	0
KIR:KIR00119	10525	10376.3	0	0
KIR:KIR01135	11177	11028.3	0	0
KIR:KIR00026	11143	10994.3	0	0
KIR:KIR01136	11145	10996.3	10.4516	80.2926
KIR:KIR01137	11144	10995.3	0	0
KIR:KIR01138	11143	10994.3	0	0
KIR:KIR01139	11143	10994.3	0	0
KIR:KIR01140	11143	10994.3	0	0
KIR:KIR01141	11144	10995.3	0	0
KIR:KIR00130	11137	10988.3	16.1985	124.533
KIR:KIR01142	11137	10988.3	7.99996	61.5029
KIR:KIR01143	11137	10988.3	21.9135	168.469
KIR:KIR00109	11134	10985.3	4284.35	32946.6
KIR:KIR00117	10523	10374.3	0	0
KIR:KIR00436	11134	10985.3	1832.85	14094.6
KIR:KIR01144	11134	10985.3	262.132	2015.79
KIR:KIR01145	11134	10985.3	4816.71	37040.5
KIR:KIR01146	11134	10985.3	701.195	5392.2
KIR:KIR00111	10552	10403.3	0	0
KIR:KIR00116	10524	10375.3	0	0
KIR:KIR00437	11136	10987.3	0	0
KIR:KIR00647	11135	10986.3	0	0
KIR:KIR01147	11135	10986.3	7.98619	61.4082
KIR:KIR01148	11135	10986.3	5.12988	39.4452
KIR:KIR01149	11135	10986.3	6.31561	48.5627
KIR:KIR01150	11135	10986.3	0	0
KIR:KIR01151	11134	10985.3	324.386	2494.53
KIR:KIR01152	11134	10985.3	10.842	83.3748
KIR:KIR01153	11134	10985.3	25.4451	195.673
KIR:KIR01154	11135	10986.3	4.92047	37.835
KIR:KIR00118	10523	10374.3	17.4189	141.84
KIR:KIR00114	10525	10376.3	0	0
KIR:KIR00113	11175	11026.3	0	0
KIR:KIR01155	11175	11026.3	0	0
KIR:KIR01156	11175	11026.3	20.9146	160.235
KIR:KIR01157	11177	11028.3	0	0
KIR:KIR01158	11135	10986.3	12.4267	95.553
KIR:KIR01159	11175	11026.3	9.19117	70.4173
KIR:KIR01160	11177	11028.3	0	0
KIR:KIR01161	11135	10986.3	19.9451	153.364
KIR:KIR01162	11175	11026.3	160.128	1226.81
KIR:KIR01163	11175	11026.3	0	0
KIR:KIR01164	11143	10994.3	7.23467	55.5891
KIR:KIR01165	11177	11028.3	0	0
KIR:KIR01166	11134	10985.3	18.7197	143.954
KIR:KIR01167	11135	10986.3	0	0
KIR:KIR01168	11134	10985.3	0	0
KIR:KIR01169	11177	11028.3	0	0
KIR:KIR02327	10998	10849.3	0	0
KIR:KIR00029	9901	9752.34	0	0
KIR:KIR00300	9776	9627.34	0	0
KIR:KIR00439	9679	9530.34	0	0
KIR:KIR01039	9747	9598.34	0	0
KIR:KIR01041	9373	9224.34	16.9144	154.904
KIR:KIR01217	9776	9627.34	0	0
KIR:KIR00259	2350	2201.34	0	0
KIR:KIR00260	9752	9603.34	0	0
KIR:KIR00262	2350	2201.34	0	0
KIR:KIR00263	2350	2201.34	0	0
KIR:KIR01201	9901	9752.34	0	0
KIR:KIR01214	9901	9752.34	0	0
KIR:KIR01218	9901	9752.34	0	0
KIR:KIR01196	9901	9752.34	0	0
KIR:KIR01219	9902	9753.34	0	0
KIR:KIR00095	9897	9748.34	0	0
KIR:KIR00249	1382	1233.34	0	0
KIR:KIR00438	9675	9526.34	0	0
KIR:KIR00440	9675	9526.34	0	0
KIR:KIR01209	9897	9748.34	0	0
KIR:KIR00391	1382	1233.34	0	0
KIR:KIR00389	1382	1233.34	0	0
KIR:KIR00882	9675	9526.34	0	0
KIR:KIR01221	9772	9623.34	354.581	3112.65
KIR:KIR01222	9675	9526.34	0	0
KIR:KIR00992	9901	9752.34	0	0
KIR:KIR01199	9901	9752.34	0	0
KIR:KIR01191	9901	9752.34	0	0
KIR:KIR01194	9772	9623.34	0	0
KIR:KIR01195	9901	9752.34	0	0
KIR:KIR01202	9901	9752.34	0	0
KIR:KIR01210	9901	9752.34	0	0
KIR:KIR01213	9901	9752.34	0	0
KIR:KIR01220	9901	9752.34	0	0
KIR:KIR01223	9772	9623.34	0	0
KIR:KIR01200	9901	9752.34	0	0
KIR:KIR01212	9901	9752.34	119.525	1035.36
KIR:KIR01215	9901	9752.34	0	0
KIR:KIR01216	9901	9752.34	0	0
KIR:KIR00030	9975	9826.34	0	0
KIR:KIR00248	1382	1233.34	0	0
KIR:KIR00301	9850	9701.34	0	0
KIR:KIR00394	1382	1233.34	1.76371	120.804
KIR:KIR00524	1382	1233.34	0	0
KIR:KIR00632	9975	9826.34	0	0
KIR:KIR01095	9389	9240.34	0	0
KIR:KIR01197	9975	9826.34	0	0
KIR:KIR01198	9955	9806.34	0	0
KIR:KIR01204	9850	9701.34	0	0
KIR:KIR00535	1382	1233.34	1.10099	75.4123
KIR:KIR00972	6686	6537.34	0	0
KIR:KIR01193	9850	9701.34	0	0
KIR:KIR00031	2718	2569.34	0	0
KIR:KIR00032	9979	9830.34	0	0
KIR:KIR00125	6992	6843.34	0	0
KIR:KIR00267	2428	2279.34	1.34358	49.7959
KIR:KIR00393	1382	1233.34	0	0
KIR:KIR00126	6580	6431.34	5.92796	77.8652
KIR:KIR00525	1382	1233.34	0	0
KIR:KIR00244	9979	9830.34	0	0
KIR:KIR00395	1382	1233.34	0	0
KIR:KIR00266	2428	2279.34	0	0
KIR:KIR00245	1382	1233.34	0	0
KIR:KIR00264	2428	2279.34	0	0
KIR:KIR00265	2428	2279.34	0	0
KIR:KIR00390	1382	1233.34	0	0
KIR:KIR00392	1382	1233.34	0	0
KIR:KIR00534	1382	1233.34	0	0
KIR:KIR01205	9850	9701.34	0	0
KIR:KIR01206	9850	9701.34	0	0
KIR:KIR01208	9850	9701.34	0	0
KIR:KIR01190	9979	9830.34	0	0
KIR:KIR01207	9850	9701.34	0	0
KIR:KIR01203	9850	9701.34	0	0
KIR:KIR00052	13128	12979.3	0	0
KIR:KIR00127	13128	12979.3	0	0
KIR:KIR00649	13128	12979.3	0	0
KIR:KIR00634	13128	12979.3	0	0
KIR:KIR01753	13128	12979.3	0	0
KIR:KIR01705	13128	12979.3	0	0
KIR:KIR01720	13127	12978.3	0	0
KIR:KIR01694	13128	12979.3	0	0
KIR:KIR01701	13128	12979.3	31.0186	201.888
KIR:KIR01758	13128	12979.3	0	0
KIR:KIR01748	13127	12978.3	0	0
KIR:KIR01723	13128	12979.3	20.7231	134.878
KIR:KIR01729	13128	12979.3	0	0
KIR:KIR01718	13128	12979.3	0	0
KIR:KIR01747	13128	12979.3	0	0
KIR:KIR01721	13128	12979.3	0	0
KIR:KIR01733	13128	12979.3	49.244	320.51
KIR:KIR01738	13128	12979.3	8.18409	53.267
KIR:KIR00475	13127	12978.3	28.2105	183.625
KIR:KIR00053	12349	12200.3	35.1244	243.208
KIR:KIR00293	13126	12977.3	0	0
KIR:KIR00442	13125	12976.3	0	0
KIR:KIR00443	13125	12976.3	0	0
KIR:KIR00444	13125	12976.3	0	0
KIR:KIR00445	13125	12976.3	0.00310798	0.0202333
KIR:KIR00621	13127	12978.3	25.2467	164.334
KIR:KIR00633	13126	12977.3	19.6955	128.21
KIR:KIR00625	13126	12977.3	0	0
KIR:KIR00474	13125	12976.3	0	0
KIR:KIR01740	13126	12977.3	0	0
KIR:KIR01762	13126	12977.3	0	0
KIR:KIR01745	13126	12977.3	0	0
KIR:KIR01724	13126	12977.3	84.06	547.198
KIR:KIR01768	13126	12977.3	0.0891357	0.580238
KIR:KIR01741	13126	12977.3	56.8323	369.956
KIR:KIR01767	13126	12977.3	0	0
KIR:KIR01755	13126	12977.3	0.0891357	0.580238
KIR:KIR01696	13126	12977.3	24.4811	159.362
KIR:KIR01715	13126	12977.3	0	0
KIR:KIR01750	13126	12977.3	1113.32	7247.24
KIR:KIR01697	13126	12977.3	54.9059	357.415
KIR:KIR01732	13124	12975.3	0	0
KIR:KIR01735	13126	12977.3	0	0
KIR:KIR01726	13126	12977.3	0	0
KIR:KIR01730	13126	12977.3	191.182	1244.52
KIR:KIR01737	13126	12977.3	63.1479	411.068
KIR:KIR00880	13126	12977.3	0	0
KIR:KIR01695	13126	12977.3	0	0
KIR:KIR01702	13128	12979.3	8.46356	55.0859
KIR:KIR01703	13126	12977.3	120.652	785.395
KIR:KIR01754	13126	12977.3	93.4307	608.197
KIR:KIR00242	13124	12975.3	0	0
KIR:KIR00648	13124	12975.3	11559.9	75262.1
KIR:KIR01725	13124	12975.3	0.000114706	0.000746802
KIR:KIR01746	13124	12975.3	92.3475	601.238
KIR:KIR01698	13124	12975.3	0.0383722	0.249826
KIR:KIR01744	13124	12975.3	47.0392	306.254
KIR:KIR01756	13124	12975.3	544.94	3547.89
KIR:KIR01713	13124	12975.3	575.382	3746.09
KIR:KIR01711	13124	12975.3	0.00437058	0.0284551
KIR:KIR01743	13124	12975.3	0.0317867	0.206951
KIR:KIR00473	13123	12974.3	0.541278	3.52432
KIR:KIR01693	13124	12975.3	2174.04	14154.3
KIR:KIR00476	13122	12973.3	2936.06	19118.5
KIR:KIR00477	13125	12976.3	0.0159457	0.103808
KIR:KIR01769	13126	12977.3	116.047	755.418
KIR:KIR00478	13124	12975.3	0.111784	0.72778
KIR:KIR01734	13125	12976.3	853.695	5557.64
KIR:KIR00622	13128	12979.3	13.9356	90.7012
KIR:KIR00686	13128	12979.3	9.46506	61.6043
KIR:KIR00881	13134	12985.3	0.000474469	0.0030867
KIR:KIR01704	13134	12985.3	1.51608	9.86298
KIR:KIR01712	13134	12985.3	1.51608	9.86298
KIR:KIR01731	13134	12985.3	320.07	2082.25
KIR:KIR01708	13135	12986.3	5.19753e-06	3.38104e-05
KIR:KIR01761	13134	12985.3	5.66177e-06	3.68332e-05
KIR:KIR01727	13136	12987.3	38.1318	248.032
KIR:KIR01752	13124	12975.3	106.908	696.037
KIR:KIR01716	13124	12975.3	0.858865	5.59173
KIR:KIR01719	13124	12975.3	235.037	1530.23
KIR:KIR01706	13124	12975.3	0.244794	1.59376
KIR:KIR01759	13124	12975.3	192.528	1253.47
KIR:KIR01714	13124	12975.3	0.28323	1.844
KIR:KIR01736	13124	12975.3	170.64	1110.97
KIR:KIR01700	13124	12975.3	1.22981	8.00679
KIR:KIR01699	13128	12979.3	0	0
KIR:KIR01751	13128	12979.3	0	0
KIR:KIR01763	13128	12979.3	0	0
KIR:KIR01707	13124	12975.3	218.139	1420.22
KIR:KIR01760	13124	12975.3	12.7013	82.6931
KIR:KIR01710	13126	12977.3	0	0
KIR:KIR01709	13126	12977.3	0	0
KIR:KIR01765	13126	12977.3	23.7292	154.468
KIR:KIR01764	13126	12977.3	0	0
KIR:KIR01739	13126	12977.3	0.894379	5.82205
KIR:KIR01728	13124	12975.3	1.06142	6.9105
KIR:KIR01766	13124	12975.3	142.975	930.853
KIR:KIR01717	13128	12979.3	242.412	1577.76
KIR:KIR01722	13128	12979.3	77.659	505.452
KIR:KIR00034	14720	14571.3	0	0
KIR:KIR00298	14720	14571.3	0	0
KIR:KIR00296	14720	14571.3	0	0
KIR:KIR00426	14720	14571.3	0	0
KIR:KIR00427	14720	14571.3	0	0
KIR:KIR00428	14720	14571.3	0	0
KIR:KIR01251	14720	14571.3	2.92674e-05	0.000169677
KIR:KIR01252	14720	14571.3	7.93133	45.9819
KIR:KIR01253	14720	14571.3	0	0
KIR:KIR01254	14720	14571.3	0	0
KIR:KIR01255	14720	14571.3	75.5261	437.862
KIR:KIR01256	14720	14571.3	0	0
KIR:KIR01257	14720	14571.3	0	0
KIR:KIR01258	14720	14571.3	0	0
KIR:KIR01259	14720	14571.3	22.8573	132.515
KIR:KIR01260	14720	14571.3	18.427	106.83
KIR:KIR01261	14720	14571.3	0	0
KIR:KIR01262	14720	14571.3	0	0
KIR:KIR02341	14719	14570.3	352.068	2041.25
KIR:KIR02354	14720	14571.3	0	0
KIR:KIR02356	14720	14571.3	0	0
KIR:KIR02350	14720	14571.3	0	0
KIR:KIR02343	14720	14571.3	0	0
KIR:KIR02364	14720	14571.3	0	0
KIR:KIR02358	14720	14571.3	13.5702	78.6731
KIR:KIR02365	14720	14571.3	0	0
KIR:KIR02348	14720	14571.3	0	0
KIR:KIR02362	14720	14571.3	0.231968	1.34483
KIR:KIR02363	14719	14570.3	0	0
KIR:KIR02355	14720	14571.3	13.9217	80.7109
KIR:KIR02359	14720	14571.3	0	0
KIR:KIR02352	14720	14571.3	111.568	646.818
KIR:KIR02349	14720	14571.3	12.6385	73.272
KIR:KIR02340	14720	14571.3	0	0
KIR:KIR02357	14720	14571.3	0	0
KIR:KIR02351	14720	14571.3	38.1843	221.373
KIR:KIR00253	14720	14571.3	0	0
KIR:KIR01572	14720	14571.3	25.2431	146.347
KIR:KIR01573	14720	14571.3	0	0
KIR:KIR01574	14720	14571.3	13.0778	75.8185
KIR:KIR01575	14720	14571.3	0	0
KIR:KIR01576	14718	14569.3	0	0
KIR:KIR02312	14720	14571.3	0	0
KIR:KIR02344	14720	14571.3	11.9378	69.2092
KIR:KIR02345	14720	14571.3	0	0
KIR:KIR02346	14720	14571.3	0	0
KIR:KIR02353	14720	14571.3	0	0
KIR:KIR02361	14720	14571.3	0	0
KIR:KIR02360	14720	14571.3	4.53407	26.2862
KIR:KIR02347	14720	14571.3	0	0
KIR:KIR02342	14720	14571.3	0	0
KIR:KIR00037	14577	14428.3	21.3299	124.886
KIR:KIR00302	14578	14429.3	0	0
KIR:KIR00270	14579	14430.3	0	0
KIR:KIR00336	14395	14246.3	0	0
KIR:KIR00446	14578	14429.3	0	0
KIR:KIR00447	14548	14399.3	0	0
KIR:KIR00448	14547	14398.3	0	0
KIR:KIR00449	14579	14430.3	0	0
KIR:KIR00450	14546	14397.3	0	0
KIR:KIR00451	14547	14398.3	21.0337	123.408
KIR:KIR00623	14546	14397.3	0	0
KIR:KIR00635	14546	14397.3	0	0
KIR:KIR01266	14576	14427.3	4.77524	27.9608
KIR:KIR01270	14578	14429.3	0	0
KIR:KIR01272	14578	14429.3	0	0
KIR:KIR01273	14578	14429.3	0	0
KIR:KIR01274	14578	14429.3	0	0
KIR:KIR01275	14578	14429.3	0	0
KIR:KIR01276	14578	14429.3	0	0
KIR:KIR01277	14578	14429.3	2.22773	13.0424
KIR:KIR01278	14577	14428.3	3.64989	21.37
KIR:KIR01280	14578	14429.3	0	0
KIR:KIR01282	14579	14430.3	0	0
KIR:KIR01285	14577	14428.3	0	0
KIR:KIR01286	14577	14428.3	11.6096	67.9736
KIR:KIR01288	14579	14430.3	30.2295	176.968
KIR:KIR01292	14577	14428.3	4.42133	25.8867
KIR:KIR01293	14577	14428.3	0	0
KIR:KIR01294	14578	14429.3	12.1945	71.3933
KIR:KIR01303	14577	14428.3	0	0
KIR:KIR01263	14578	14429.3	7.29436	42.7052
KIR:KIR01291	14576	14427.3	0	0
KIR:KIR01287	14578	14429.3	0	0
KIR:KIR01283	14578	14429.3	39.2529	229.808
KIR:KIR00906	14578	14429.3	3.42583	20.0567
KIR:KIR01297	14576	14427.3	3.99621	23.3992
KIR:KIR01264	14578	14429.3	0	0
KIR:KIR01265	14574	14425.3	0	0
KIR:KIR01268	14577	14428.3	0	0
KIR:KIR01271	14578	14429.3	0	0
KIR:KIR01279	14578	14429.3	0	0
KIR:KIR01281	14578	14429.3	18.0812	105.858
KIR:KIR01284	14581	14432.3	14.4451	84.5518
KIR:KIR01289	14578	14429.3	0	0
KIR:KIR01298	14578	14429.3	0	0
KIR:KIR01301	14578	14429.3	52.2348	305.811
KIR:KIR01267	14578	14429.3	0	0
KIR:KIR01299	14580	14431.3	0	0
KIR:KIR01300	14579	14430.3	0	0
KIR:KIR01302	14577	14428.3	0	0
KIR:KIR01269	14578	14429.3	0	0
KIR:KIR01290	14578	14429.3	0	0
KIR:KIR01295	14579	14430.3	0	0
KIR:KIR00044	15103	14954.3	0	0
KIR:KIR00636	15098	14949.3	0	0
KIR:KIR01310	15103	14954.3	0.101051	0.570839
KIR:KIR01311	15103	14954.3	0	0
KIR:KIR01243	15103	14954.3	0	0
KIR:KIR01315	15098	14949.3	1.93906	10.9574
KIR:KIR01316	15098	14949.3	0	0
KIR:KIR01318	15098	14949.3	0	0
KIR:KIR01322	15071	14922.3	0	0
KIR:KIR01323	15098	14949.3	8.42659	47.6179
KIR:KIR01325	15098	14949.3	1.93906	10.9574
KIR:KIR01326	15098	14949.3	0	0
KIR:KIR01231	15097	14948.3	0	0
KIR:KIR01234	15098	14949.3	5.0012	28.2613
KIR:KIR01235	15098	14949.3	0	0
KIR:KIR01236	15098	14949.3	5.26897	29.7744
KIR:KIR01238	15098	14949.3	0	0
KIR:KIR01241	15098	14949.3	7.69377	43.4768
KIR:KIR01242	15098	14949.3	0	0
KIR:KIR01244	15098	14949.3	0	0
KIR:KIR01245	15098	14949.3	0	0
KIR:KIR01320	15098	14949.3	0	0
KIR:KIR01321	15100	14951.3	0	0
KIR:KIR01226	15100	14951.3	0	0
KIR:KIR01232	15098	14949.3	0	0
KIR:KIR01239	15098	14949.3	0	0
KIR:KIR01250	15098	14949.3	0	0
KIR:KIR01229	15097	14948.3	0	0
KIR:KIR01319	15098	14949.3	0	0
KIR:KIR01237	15098	14949.3	1.19164	6.73385
KIR:KIR00131	15104	14955.3	0	0
KIR:KIR00429	15072	14923.3	0	0
KIR:KIR00652	15099	14950.3	0	0
KIR:KIR01304	15099	14950.3	0	0
KIR:KIR01305	15099	14950.3	0	0
KIR:KIR01307	15099	14950.3	0	0
KIR:KIR01308	15099	14950.3	0	0
KIR:KIR01312	15072	14923.3	0	0
KIR:KIR01313	15099	14950.3	0	0
KIR:KIR01309	15072	14923.3	11.7347	66.427
KIR:KIR00232	15099	14950.3	0	0
KIR:KIR01577	15100	14951.3	5.97742	33.7733
KIR:KIR01227	15098	14949.3	0	0
KIR:KIR01314	15072	14923.3	0	0
KIR:KIR01317	15098	14949.3	5.35109	30.2385
KIR:KIR01324	15098	14949.3	0	0
KIR:KIR01327	15098	14949.3	0	0
KIR:KIR01328	15098	14949.3	0	0
KIR:KIR01224	15098	14949.3	0	0
KIR:KIR01225	15098	14949.3	0	0
KIR:KIR01228	15098	14949.3	0	0
KIR:KIR01230	15098	14949.3	0	0
KIR:KIR01233	15098	14949.3	0	0
KIR:KIR01246	15098	14949.3	0	0
KIR:KIR01240	15103	14954.3	0.429411	2.42575
KIR:KIR01306	15070	14921.3	4.99797	28.296
KIR:KIR01248	15071	14922.3	0	0
KIR:KIR01247	15098	14949.3	0	0
KIR:KIR01249	15073	14924.3	0	0
KIR:KIR01579	15099	14950.3	0	0
KIR:KIR01580	15099	14950.3	5.82935	32.9389
KIR:KIR00045	16092	15943.3	16.1618	85.6348
KIR:KIR00092	16092	15943.3	0	0
KIR:KIR00099	1087	938.342	1.95556	176.056
KIR:KIR00452	16092	15943.3	31.0358	164.446
KIR:KIR00453	16092	15943.3	0.0396297	0.209982
KIR:KIR00496	15213	15064.3	99.1536	556.03
KIR:KIR00499	16092	15943.3	0	0
KIR:KIR00498	16093	15944.3	54.5637	289.093
KIR:KIR00497	14656	14507.3	91.2904	531.591
KIR:KIR00048	15581	15432.3	1775.44	9718.85
KIR:KIR00318	16070	15921.3	2404.58	12758.5
KIR:KIR00430	16070	15921.3	2404.58	12758.5
KIR:KIR00431	16067	15918.3	1561.32	8285.77
KIR:KIR00089	15874	15725.3	46.9242	252.079
KIR:KIR00637	15438	15289.3	71.9035	397.285
KIR:KIR00090	15876	15727.3	54.2288	291.283
KIR:KIR00651	15897	15748.3	29.1575	156.407
KIR:KIR00315	16069	15920.3	1378.48	7314.58
KIR:KIR00050	15248	15099.3	0	0
KIR:KIR00299	15248	15099.3	0	0
KIR:KIR00297	15248	15099.3	43.7105	244.55
KIR:KIR00433	15248	15099.3	0	0
KIR:KIR01467	15248	15099.3	0	0
KIR:KIR01468	15248	15099.3	0	0
KIR:KIR01470	15248	15099.3	0	0
KIR:KIR01472	15247	15098.3	17.2578	96.56
KIR:KIR01473	15247	15098.3	0	0
KIR:KIR01475	15248	15099.3	0	0
KIR:KIR01476	15248	15099.3	0	0
KIR:KIR01479	15248	15099.3	0	0
KIR:KIR01482	15248	15099.3	0	0
KIR:KIR01484	15248	15099.3	0	0
KIR:KIR01488	15248	15099.3	3.78254	21.1624
KIR:KIR01490	15249	15100.3	0	0
KIR:KIR01491	15247	15098.3	0	0
KIR:KIR01493	15248	15099.3	0	0
KIR:KIR01498	15248	15099.3	0	0
KIR:KIR01500	15248	15099.3	7.13277	39.9062
KIR:KIR01502	15248	15099.3	0	0
KIR:KIR01505	15248	15099.3	0	0
KIR:KIR01507	15247	15098.3	0	0
KIR:KIR01508	15245	15096.3	0	0
KIR:KIR01509	15248	15099.3	0	0
KIR:KIR01511	15248	15099.3	0	0
KIR:KIR01512	15244	15095.3	0	0
KIR:KIR01514	15248	15099.3	0	0
KIR:KIR01515	15248	15099.3	0	0
KIR:KIR01523	15248	15099.3	0	0
KIR:KIR01524	15248	15099.3	3.41581	19.1106
KIR:KIR01525	15247	15098.3	0	0
KIR:KIR01529	15248	15099.3	0	0
KIR:KIR01477	15248	15099.3	0	0
KIR:KIR01481	15248	15099.3	3.35612	18.7767
KIR:KIR01495	15248	15099.3	0	0
KIR:KIR01520	15248	15099.3	0	0
KIR:KIR01492	15247	15098.3	0	0
KIR:KIR01499	15248	15099.3	0	0
KIR:KIR01504	15248	15099.3	0	0
KIR:KIR01517	15248	15099.3	0	0
KIR:KIR00706	15247	15098.3	13.2229	73.9842
KIR:KIR00276	15204	15055.3	0.0214325	0.120261
KIR:KIR01503	15204	15055.3	22.3684	125.512
KIR:KIR00277	15246	15097.3	20.0673	112.287
KIR:KIR01478	15246	15097.3	16.8686	94.3885
KIR:KIR00432	15265	15116.3	5.43196	30.3564
KIR:KIR01469	15248	15099.3	0	0
KIR:KIR01471	15248	15099.3	0	0
KIR:KIR01474	15248	15099.3	3.44114	19.2524
KIR:KIR01480	15248	15099.3	0	0
KIR:KIR01494	15248	15099.3	0	0
KIR:KIR01483	15248	15099.3	0	0
KIR:KIR01486	15248	15099.3	0	0
KIR:KIR01519	15248	15099.3	0	0
KIR:KIR01487	15248	15099.3	0	0
KIR:KIR01526	15247	15098.3	0	0
KIR:KIR01489	15249	15100.3	0	0
KIR:KIR01497	15248	15099.3	0	0
KIR:KIR01496	15248	15099.3	0	0
KIR:KIR01528	15250	15101.3	0	0
KIR:KIR01501	15248	15099.3	0	0
KIR:KIR01506	15248	15099.3	0	0
KIR:KIR01510	15248	15099.3	3.77666	21.1296
KIR:KIR01513	15248	15099.3	0	0
KIR:KIR01516	15248	15099.3	0	0
KIR:KIR01518	15248	15099.3	0	0
KIR:KIR01521	15248	15099.3	0	0
KIR:KIR01522	15248	15099.3	0	0
KIR:KIR01527	15248	15099.3	0	0
KIR:KIR01530	15248	15099.3	3.81387	21.3377
KIR:KIR00054	14546	14397.3	0	0
KIR:KIR00434	14546	14397.3	7.05028	41.368
KIR:KIR00761	14350	14201.3	3848.57	22893.4
KIR:KIR00964	13779	13630.3	40.385	250.296
KIR:KIR00965	13845	13696.3	3528.85	21765.5
KIR:KIR01078	14546	14397.3	0	0
KIR:KIR01100	14546	14397.3	0	0
KIR:KIR01105	14275	14126.3	4.63417e-06	2.77129e-05
KIR:KIR01110	14546	14397.3	0	0
KIR:KIR01124	14275	14126.3	291.509	1743.26
KIR:KIR01128	14275	14126.3	4.63417e-06	2.77129e-05
KIR:KIR01911	14547	14398.3	5.88348	34.5193
KIR:KIR01931	14545	14396.3	6.86532	40.2855
KIR:KIR02015	14546	14397.3	58.2523	341.799
KIR:KIR02188	14545	14396.3	0	0
KIR:KIR02278	14542	14393.3	4632.16	27187.1
KIR:KIR02250	14546	14397.3	69.0436	405.118
KIR:KIR02267	14546	14397.3	155.478	912.279
KIR:KIR02169	14546	14397.3	694.065	4072.47
KIR:KIR02306	14548	14399.3	120.124	704.737
KIR:KIR02302	14545	14396.3	0	0
KIR:KIR02310	14542	14393.3	0	0
KIR:KIR02336	14541	14392.3	47.1136	276.538
KIR:KIR02337	14542	14393.3	48.375	283.922
KIR:KIR01812	14542	14393.3	0.000470489	0.00276139
KIR:KIR02038	14546	14397.3	0	0
KIR:KIR02042	14546	14397.3	7.42863	43.588
KIR:KIR02140	14545	14396.3	7.23378	42.4476
KIR:KIR02129	14546	14397.3	6.69655	39.2924
KIR:KIR02037	14542	14393.3	169.803	996.608
KIR:KIR00056	14549	14400.3	0	0
KIR:KIR01071	14549	14400.3	0	0
KIR:KIR01117	14549	14400.3	0	0
KIR:KIR01057	14278	14129.3	9.91848	59.3012
KIR:KIR01058	14278	14129.3	0	0
KIR:KIR02046	14549	14400.3	0	0
KIR:KIR02018	14549	14400.3	4.77611	28.0183
KIR:KIR02181	14549	14400.3	0	0
KIR:KIR02121	14548	14399.3	0	0
KIR:KIR01885	14549	14400.3	7.69902	45.1651
KIR:KIR01822	14548	14399.3	7.49679	43.9818
KIR:KIR00058	14566	14417.3	0	0
KIR:KIR00758	14370	14221.3	0	0
KIR:KIR00762	14370	14221.3	0	0
KIR:KIR01049	14295	14146.3	0.000476257	0.00284405
KIR:KIR01050	14295	14146.3	0	0
KIR:KIR01093	14295	14146.3	9.91117	59.1863
KIR:KIR01097	14295	14146.3	0	0
KIR:KIR01114	14295	14146.3	0	0
KIR:KIR01119	14295	14146.3	14.0853	84.1131
KIR:KIR01889	14565	14416.3	0	0
KIR:KIR01992	14565	14416.3	0	0
KIR:KIR02219	14547	14398.3	0	0
KIR:KIR02160	14546	14397.3	0	0
KIR:KIR02126	14575	14426.3	0.755415	4.42353
KIR:KIR02222	14565	14416.3	8.97506	52.5923
KIR:KIR02180	14546	14397.3	20.7579	121.798
KIR:KIR02218	14565	14416.3	0	0
KIR:KIR02261	14565	14416.3	0	0
KIR:KIR02061	14565	14416.3	0	0
KIR:KIR02092	14546	14397.3	0	0
KIR:KIR02086	14546	14397.3	0	0
KIR:KIR02286	14565	14416.3	0	0
KIR:KIR00059	14291	14142.3	11.0808	66.1896
KIR:KIR01948	14542	14393.3	0	0
KIR:KIR02002	14543	14394.3	0	0
KIR:KIR01991	14565	14416.3	0	0
KIR:KIR02101	14546	14397.3	0	0
KIR:KIR02023	14566	14417.3	0	0
KIR:KIR02070	14565	14416.3	0	0
KIR:KIR02202	14547	14398.3	0	0
KIR:KIR00060	14547	14398.3	0	0
KIR:KIR00456	14547	14398.3	0	0
KIR:KIR00707	14547	14398.3	0	0
KIR:KIR00716	14351	14202.3	0	0
KIR:KIR00718	14351	14202.3	0	0
KIR:KIR01045	14276	14127.3	0	0
KIR:KIR01054	14276	14127.3	0	0
KIR:KIR01067	14276	14127.3	0	0
KIR:KIR01092	14547	14398.3	0	0
KIR:KIR01102	14276	14127.3	22.168	132.558
KIR:KIR01120	14276	14127.3	41.0076	245.213
KIR:KIR01825	14547	14398.3	0	0
KIR:KIR01773	14547	14398.3	4.36754	25.625
KIR:KIR02146	14547	14398.3	0	0
KIR:KIR02105	14546	14397.3	0	0
KIR:KIR01843	14547	14398.3	4.33431	25.4301
KIR:KIR00061	14337	14188.3	22.1151	131.673
KIR:KIR02292	14337	14188.3	14.1209	84.0756
KIR:KIR00062	14550	14401.3	0	0
KIR:KIR00639	14550	14401.3	22.8271	133.902
KIR:KIR00712	14342	14193.3	41.2872	245.737
KIR:KIR00714	14343	14194.3	0	0
KIR:KIR01103	14279	14130.3	0	0
KIR:KIR01109	14279	14130.3	0	0
KIR:KIR02208	14550	14401.3	0	0
KIR:KIR02200	14550	14401.3	0	0
KIR:KIR00063	14549	14400.3	0	0
KIR:KIR01046	14278	14129.3	0	0
KIR:KIR01823	14549	14400.3	0	0
KIR:KIR02305	14549	14400.3	18.1899	106.708
KIR:KIR02328	14549	14400.3	5.63999	33.0861
KIR:KIR00064	14274	14125.3	0	0
KIR:KIR01075	14274	14125.3	42.9339	256.769
KIR:KIR01112	14274	14125.3	0	0
KIR:KIR01127	14545	14396.3	8.79929	51.634
KIR:KIR00102	14339	14190.3	0	0
KIR:KIR00754	14339	14190.3	0	0
KIR:KIR00755	14338	14189.3	22.131	131.759
KIR:KIR00057	14549	14400.3	5.46542	32.062
KIR:KIR00479	14550	14401.3	0	0
KIR:KIR00480	14549	14400.3	0	0
KIR:KIR00720	14549	14400.3	0	0
KIR:KIR00722	14342	14193.3	0	0
KIR:KIR00724	14353	14204.3	9.44225	56.1558
KIR:KIR00725	14353	14204.3	0	0
KIR:KIR00726	14342	14193.3	0	0
KIR:KIR00727	14342	14193.3	0	0
KIR:KIR00728	14342	14193.3	46.498	276.752
KIR:KIR00759	14353	14204.3	0	0
KIR:KIR00760	14353	14204.3	0	0
KIR:KIR00971	13783	13634.3	25.7338	159.445
KIR:KIR01044	14549	14400.3	0	0
KIR:KIR01051	14408	14259.3	0	0
KIR:KIR01066	14278	14129.3	0	0
KIR:KIR01096	14278	14129.3	5.81454	34.7643
KIR:KIR01121	14278	14129.3	0	0
KIR:KIR01970	14548	14399.3	0	0
KIR:KIR01792	14549	14400.3	0	0
KIR:KIR02016	14549	14400.3	0	0
KIR:KIR02125	14549	14400.3	15.0266	88.1512
KIR:KIR02189	14548	14399.3	0	0
KIR:KIR02329	14549	14400.3	4.86663	28.5493
KIR:KIR01920	14549	14400.3	5.00193	29.343
KIR:KIR00105	14549	14400.3	5.2086e-06	3.05555e-05
KIR:KIR02149	14340	14191.3	53.1135	316.171
KIR:KIR00108	14295	14146.3	0	0
KIR:KIR00133	14342	14193.3	0	0
KIR:KIR00723	14341	14192.3	0	0
KIR:KIR01043	14549	14400.3	0	0
KIR:KIR00145	14338	14189.3	60.5071	360.234
KIR:KIR00149	14549	14400.3	78.8466	462.541
KIR:KIR00756	14351	14202.3	0	0
KIR:KIR00757	14339	14190.3	0	0
KIR:KIR00153	14549	14400.3	0	0
KIR:KIR00638	14549	14400.3	0	0
KIR:KIR02100	14549	14400.3	4.3702	25.6371
KIR:KIR00155	14353	14204.3	0.00823659	0.0489854
KIR:KIR00763	14339	14190.3	19.0082	113.159
KIR:KIR00240	14276	14127.3	28.391	169.77
KIR:KIR00311	16900	16751.3	164.16	827.862
KIR:KIR00454	14549	14400.3	0	0
KIR:KIR00455	14564	14415.3	102.629	601.431
KIR:KIR00730	14345	14196.3	69.7803	415.238
KIR:KIR00766	14338	14189.3	401.588	2390.88
KIR:KIR00966	13788	13639.3	7.36532	45.6182
KIR:KIR01060	14278	14129.3	0	0
KIR:KIR01086	14278	14129.3	0	0
KIR:KIR01844	14549	14400.3	0	0
KIR:KIR01830	14566	14417.3	4.01003	23.4965
KIR:KIR01793	14549	14400.3	60.9131	357.337
KIR:KIR02006	14566	14417.3	0	0
KIR:KIR01851	14549	14400.3	5.76878	33.8417
KIR:KIR01774	14545	14396.3	17.7196	103.978
KIR:KIR02235	14544	14395.3	17.2562	101.266
KIR:KIR02056	14549	14400.3	0	0
KIR:KIR01964	14546	14397.3	0	0
KIR:KIR02162	14545	14396.3	0	0
KIR:KIR01842	14545	14396.3	0	0
KIR:KIR02021	14546	14397.3	0	0
KIR:KIR02285	14565	14416.3	0	0
KIR:KIR01866	14545	14396.3	0	0
KIR:KIR02093	14546	14397.3	0	0
KIR:KIR01928	14566	14417.3	0	0
KIR:KIR01806	14546	14397.3	0	0
KIR:KIR01831	14546	14397.3	0	0
KIR:KIR01832	14566	14417.3	0	0
KIR:KIR02131	14546	14397.3	0	0
KIR:KIR01805	14545	14396.3	8.90017	52.2259
KIR:KIR01846	14549	14400.3	0	0
KIR:KIR02025	14547	14398.3	0	0
KIR:KIR02045	14547	14398.3	4.10577	24.0892
KIR:KIR01909	14546	14397.3	65.99	387.201
KIR:KIR01785	14546	14397.3	0	0
KIR:KIR02085	14565	14416.3	0	0
KIR:KIR01786	14546	14397.3	19.4105	113.892
KIR:KIR02001	14547	14398.3	8.79988	51.6303
KIR:KIR01890	14566	14417.3	4.64976	27.2449
KIR:KIR02243	14546	14397.3	0.0443238	0.260073
KIR:KIR01771	14547	14398.3	0	0
KIR:KIR01804	14547	14398.3	19.4898	114.35
KIR:KIR01814	14546	14397.3	33.0586	193.973
KIR:KIR01808	14549	14400.3	0	0
KIR:KIR02233	14566	14417.3	0	0
KIR:KIR02209	14565	14416.3	0	0
KIR:KIR02210	14546	14397.3	0	0
KIR:KIR02159	14547	14398.3	0	0
KIR:KIR02124	14547	14398.3	2.27408	13.3424
KIR:KIR02147	14548	14399.3	2.10522	12.3508
KIR:KIR02204	14566	14417.3	19.2521	112.806
KIR:KIR02272	14566	14417.3	4.28512	25.1083
KIR:KIR02234	14546	14397.3	0.0408267	0.239554
KIR:KIR02225	14549	14400.3	0	0
KIR:KIR02256	14542	14393.3	60.2803	353.797
KIR:KIR02120	14541	14392.3	58.7096	344.602
KIR:KIR02211	14542	14393.3	0.00981688	0.0576172
KIR:KIR02179	14549	14400.3	0	0
KIR:KIR02110	14548	14399.3	0	0
KIR:KIR02130	14549	14400.3	0	0
KIR:KIR02279	14549	14400.3	0	0
KIR:KIR02257	14546	14397.3	16.8274	98.7357
KIR:KIR02266	14545	14396.3	16.3873	96.1604
KIR:KIR02284	14547	14398.3	4.19076	24.5878
KIR:KIR02074	14565	14416.3	0	0
KIR:KIR02273	14546	14397.3	0	0
KIR:KIR02148	14547	14398.3	8.28815	48.6279
KIR:KIR02141	14336	14187.3	0	0
KIR:KIR02157	14549	14400.3	0	0
KIR:KIR02109	14546	14397.3	0	0
KIR:KIR00065	17009	16860.3	83.8013	419.879
KIR:KIR00459	17001	16852.3	14.1039	70.7
KIR:KIR02173	17003	16854.3	0.0625761	0.313644
KIR:KIR02246	17006	16857.3	43.302	217
KIR:KIR02213	17007	16858.3	3601.34	18046.4
KIR:KIR02174	17000	16851.3	19.1876	96.1893
KIR:KIR02247	17007	16858.3	1.13195e-05	5.67223e-05
KIR:KIR02229	16998	16849.3	173.004	867.387
KIR:KIR02205	17004	16855.3	3450.4	17293.1
KIR:KIR02221	17005	16856.3	105.422	528.334
KIR:KIR02183	16981	16832.3	2.36157	11.8521
KIR:KIR00317	17030	16881.3	71.2388	356.492
KIR:KIR00462	17023	16874.3	0	0
KIR:KIR02228	16968	16819.3	0	0
KIR:KIR02103	17018	16869.3	0.00242576	0.0121476
KIR:KIR02104	17029	16880.3	0	0
KIR:KIR02134	17007	16858.3	0	0
KIR:KIR02203	17004	16855.3	32.7928	164.354
KIR:KIR00066	16986	16837.3	0	0
KIR:KIR00461	16987	16838.3	0	0
KIR:KIR00463	16988	16839.3	0.0883986	0.443466
KIR:KIR00464	16987	16838.3	26.0334	130.609
KIR:KIR00465	16987	16838.3	0	0
KIR:KIR00640	16987	16838.3	274.34	1376.35
KIR:KIR02177	16993	16844.3	0	0
KIR:KIR02194	16985	16836.3	0	0
KIR:KIR02156	16989	16840.3	52.7706	264.717
KIR:KIR02166	16994	16845.3	0	0
KIR:KIR02187	16983	16834.3	0	0
KIR:KIR02182	16993	16844.3	0	0
KIR:KIR02237	16986	16837.3	0	0
KIR:KIR02161	17005	16856.3	0	0
KIR:KIR02264	16986	16837.3	8.26157	41.4505
KIR:KIR00460	17005	16856.3	0	0
KIR:KIR02137	16994	16845.3	0	0
KIR:KIR02155	16983	16834.3	24.5637	123.264
KIR:KIR02145	16985	16836.3	17.3966	87.2883
KIR:KIR02139	16998	16849.3	12.0922	60.6264
KIR:KIR00069	17001	16852.3	0	0
KIR:KIR02138	17007	16858.3	0	0
KIR:KIR02117	17001	16852.3	0	0
KIR:KIR00071	17030	16881.3	0	0
KIR:KIR00295	17023	16874.3	0	0
KIR:KIR00458	17023	16874.3	0	0
KIR:KIR02135	17030	16881.3	33.9559	169.922
KIR:KIR02095	17031	16882.3	0	0
KIR:KIR02195	17029	16880.3	0	0
KIR:KIR02172	17031	16882.3	0	0
KIR:KIR02123	17011	16862.3	0	0
KIR:KIR02143	17004	16855.3	0	0
KIR:KIR02206	17023	16874.3	0	0
KIR:KIR02240	17030	16881.3	0	0
KIR:KIR02223	17030	16881.3	0	0
KIR:KIR02239	17030	16881.3	0	0
KIR:KIR02220	17032	16883.3	0	0
KIR:KIR02212	17023	16874.3	0	0
KIR:KIR02118	17030	16881.3	0	0
KIR:KIR02142	17023	16874.3	0	0
KIR:KIR02122	17024	16875.3	0	0
KIR:KIR00072	16969	16820.3	11.0353	55.423
KIR:KIR02119	16896	16747.3	0.600048	3.02677
KIR:KIR02167	16959	16810.3	1.4439	7.25606
KIR:KIR00073	17007	16858.3	0	0
KIR:KIR02241	17013	16864.3	0	0
KIR:KIR00457	17007	16858.3	57.4401	287.833
KIR:KIR00074	17031	16882.3	0	0
KIR:KIR02111	17031	16882.3	5.26734e-06	2.63572e-05
KIR:KIR00075	17008	16859.3	80.1873	401.796
KIR:KIR00205	17023	16874.3	5.83595	29.2163
KIR:KIR02128	17031	16882.3	0	0
KIR:KIR00279	17001	16852.3	0	0
KIR:KIR00624	17025	16876.3	164.081	821.336
KIR:KIR02115	17034	16885.3	0	0
KIR:KIR02165	17023	16874.3	0	0
KIR:KIR02207	17030	16881.3	0	0
KIR:KIR02230	17008	16859.3	0	0
KIR:KIR02153	17030	16881.3	2.83975	14.2106
KIR:KIR02196	17031	16882.3	2.65888	13.3048
KIR:KIR02214	17004	16855.3	29.7254	148.981
KIR:KIR02154	17006	16857.3	42.8591	214.78
KIR:KIR02245	17000	16851.3	8.05111	40.361
KIR:KIR02175	17000	16851.3	23.6266	118.442
KIR:KIR02193	16962	16813.3	81.0011	406.984
KIR:KIR02152	17001	16852.3	0	0
KIR:KIR02107	17009	16860.3	0	0
KIR:KIR02197	16985	16836.3	0	0
KIR:KIR02215	16985	16836.3	17.2458	86.5319
KIR:KIR02116	17015	16866.3	37.2146	186.394
KIR:KIR02136	16991	16842.3	8.77417	44.0093
KIR:KIR02151	17030	16881.3	0	0
KIR:KIR02231	16972	16823.3	742.799	3729.92
KIR:KIR02096	17000	16851.3	90.7192	454.784
KIR:KIR02113	17005	16856.3	0	0
KIR:KIR02150	16997	16848.3	0.00153106	0.00767669
KIR:KIR02191	17031	16882.3	0	0
KIR:KIR02164	17014	16865.3	18.8483	94.41
KIR:KIR02108	17008	16859.3	53.6421	268.785
KIR:KIR02127	17004	16855.3	330.88	1658.34
KIR:KIR02163	17023	16874.3	22.003	110.153
KIR:KIR02144	16960	16811.3	41.1747	206.904
KIR:KIR02238	16961	16812.3	0.248725	1.24977
KIR:KIR02185	17030	16881.3	0	0
KIR:KIR02184	17004	16855.3	2.2861e-05	0.000114577
KIR:KIR02236	17030	16881.3	23.2801	116.498
KIR:KIR02106	17006	16857.3	27.563	138.127
KIR:KIR02224	17006	16857.3	0	0
KIR:KIR02186	17026	16877.3	57.448	287.549
KIR:KIR00077	12356	12207.3	0.00597005	0.041314
KIR:KIR01344	12355	12206.3	119.86	829.526
KIR:KIR01353	12361	12212.3	0	0
KIR:KIR01376	12356	12207.3	3657.11	25308
KIR:KIR00222	12356	12207.3	0	0
KIR:KIR01358	12356	12207.3	0	0
KIR:KIR01375	12356	12207.3	0	0
KIR:KIR01365	12361	12212.3	1.72297e-05	0.000119184
KIR:KIR00078	11562	11413.3	0	0
KIR:KIR01370	12361	12212.3	0	0
KIR:KIR00079	10875	10726.3	0	0
KIR:KIR01594	12400	12251.3	0	0
KIR:KIR01606	12339	12190.3	0.116278	0.805791
KIR:KIR01605	12343	12194.3	8.68647	60.1763
KIR:KIR00218	12397	12248.3	0	0
KIR:KIR01360	12402	12253.3	0	0
KIR:KIR01362	12363	12214.3	0	0
KIR:KIR01364	12397	12248.3	0	0
KIR:KIR01366	12388	12239.3	0	0
KIR:KIR00230	12365	12216.3	215.223	1488.29
KIR:KIR01383	12365	12216.3	0.5731	3.96305
KIR:KIR02304	12424	12275.3	82.5508	568.104
KIR:KIR00080	12084	11935.3	0	0
KIR:KIR00303	12320	12171.3	0	0
KIR:KIR00482	12381	12232.3	0	0
KIR:KIR00642	12380	12231.3	6.39496	44.1676
KIR:KIR01330	12386	12237.3	0	0
KIR:KIR01334	12381	12232.3	448.215	3095.4
KIR:KIR01335	12089	11940.3	0	0
KIR:KIR01336	12381	12232.3	0	0
KIR:KIR01355	12386	12237.3	0	0
KIR:KIR01531	12381	12232.3	0	0
KIR:KIR00138	12390	12241.3	0	0
KIR:KIR00486	12385	12236.3	0	0
KIR:KIR01348	12429	12280.3	4.26662e-08	2.93504e-07
KIR:KIR01351	12424	12275.3	0	0
KIR:KIR00139	10880	10731.3	14.7722	116.287
KIR:KIR00140	12359	12210.3	0	0
KIR:KIR01592	12359	12210.3	0	0
KIR:KIR01593	12359	12210.3	0	0
KIR:KIR00191	12359	12210.3	0	0
KIR:KIR01352	12359	12210.3	0	0
KIR:KIR00141	12373	12224.3	3.19938	22.1096
KIR:KIR01590	12429	12280.3	0	0
KIR:KIR01591	12429	12280.3	0	0
KIR:KIR01607	12390	12241.3	0	0
KIR:KIR02300	12488	12339.3	0	0
KIR:KIR00142	12361	12212.3	0	0
KIR:KIR00143	12366	12217.3	24.6213	170.245
KIR:KIR00175	12357	12208.3	0	0
KIR:KIR00481	12357	12208.3	13.2249	91.5117
KIR:KIR00484	12357	12208.3	0	0
KIR:KIR01332	12357	12208.3	0	0
KIR:KIR01338	12083	11934.3	37.5675	265.922
KIR:KIR01371	12357	12208.3	0	0
KIR:KIR01379	12356	12207.3	18.4567	127.724
KIR:KIR00223	12357	12208.3	0	0
KIR:KIR00181	12402	12253.3	0	0
KIR:KIR00533	12402	12253.3	0	0
KIR:KIR01345	12360	12211.3	0	0
KIR:KIR00179	12361	12212.3	22.9182	158.533
KIR:KIR00183	12399	12250.3	0	0
KIR:KIR02303	12458	12309.3	0	0
KIR:KIR00184	12360	12211.3	0.0823324	0.569571
KIR:KIR00186	12424	12275.3	0	0
KIR:KIR00485	12424	12275.3	0	0
KIR:KIR00626	12429	12280.3	0	0
KIR:KIR01333	12426	12277.3	0	0
KIR:KIR01340	12424	12275.3	0	0
KIR:KIR01377	12424	12275.3	0	0
KIR:KIR01337	12424	12275.3	3.01972	20.7813
KIR:KIR01367	12424	12275.3	0	0
KIR:KIR00189	12388	12239.3	1.30838e-06	9.03057e-06
KIR:KIR00384	12360	12211.3	14.2304	98.445
KIR:KIR01042	11904	11755.3	15.0326	108.029
KIR:KIR00192	12360	12211.3	31.1483	215.482
KIR:KIR00194	12404	12255.3	0	0
KIR:KIR00217	12381	12232.3	0	0
KIR:KIR00220	12421	12272.3	0	0
KIR:KIR00513	12386	12237.3	3546.36	24481.4
KIR:KIR00553	12084	11935.3	135.652	960.132
KIR:KIR01346	12382	12233.3	0	0
KIR:KIR00483	12391	12242.3	32.2425	222.487
KIR:KIR00551	12378	12229.3	47.2554	326.429
KIR:KIR01380	12378	12229.3	0	0
KIR:KIR01361	12378	12229.3	3.29736e-06	2.27773e-05
KIR:KIR00641	12398	12249.3	0	0
KIR:KIR00917	12426	12277.3	0	0
KIR:KIR00922	12357	12208.3	31.3118	216.666
KIR:KIR01007	12356	12207.3	0	0
KIR:KIR01011	12399	12250.3	0	0
KIR:KIR01018	12424	12275.3	0	0
KIR:KIR01329	12357	12208.3	0	0
KIR:KIR01341	12084	11935.3	0	0
KIR:KIR01342	12356	12207.3	1.95746e-07	1.3546e-06
KIR:KIR01343	12424	12275.3	15.4842	106.56
KIR:KIR01349	12423	12274.3	0	0
KIR:KIR01350	12381	12232.3	0	0
KIR:KIR01356	12381	12232.3	0	0
KIR:KIR01369	12381	12232.3	0	0
KIR:KIR01372	12399	12250.3	0	0
KIR:KIR01373	12342	12193.3	25.0292	173.406
KIR:KIR01378	12357	12208.3	0	0
KIR:KIR01381	12361	12212.3	169.65	1173.53
KIR:KIR01359	12356	12207.3	51.568	356.861
KIR:KIR01354	12356	12207.3	0	0
KIR:KIR01382	12356	12207.3	71.1896	492.646
KIR:KIR01363	12381	12232.3	18.1671	125.463
KIR:KIR01374	12424	12275.3	0	0
KIR:KIR00087	5713	5564.34	0	0
KIR:KIR02081	5713	5564.34	0	0
KIR:KIR02112	5713	5564.34	0	0
KIR:KIR00093	5437	5288.34	0	0
KIR:KIR00088	4236	4087.34	0	0
KIR:KIR00467	4236	4087.34	0	0
KIR:KIR01447	4236	4087.34	5.06874	104.761
KIR:KIR02079	4240	4091.34	4.85867	100.321
KIR:KIR02281	4236	4087.34	0	0
KIR:KIR00094	4240	4091.34	71.5837	1478.05
KIR:KIR00466	4240	4091.34	0	0
KIR:KIR00468	4240	4091.34	28.9512	597.78
KIR:KIR00469	4240	4091.34	0	0
KIR:KIR00627	4240	4091.34	0	0
KIR:KIR00643	4240	4091.34	58.0987	1199.61
KIR:KIR01386	4240	4091.34	2.85588e-05	0.000589678
KIR:KIR01402	4240	4091.34	312.853	6459.74
KIR:KIR01404	4240	4091.34	73.5691	1519.04
KIR:KIR01418	4240	4091.34	0	0
KIR:KIR01430	4240	4091.34	0.013142	0.271354
KIR:KIR01433	4240	4091.34	60.3201	1245.48
KIR:KIR01435	4240	4091.34	0	0
KIR:KIR01436	4240	4091.34	82.9203	1712.12
KIR:KIR01441	4240	4091.34	20.3725	420.647
KIR:KIR01457	4240	4091.34	54.538	1126.09
KIR:KIR01458	4240	4091.34	8.61038e-07	1.77786e-05
KIR:KIR02275	4240	4091.34	203.801	4208.05
KIR:KIR02294	4240	4091.34	1954.61	40358.4
KIR:KIR02258	4240	4091.34	0	0
KIR:KIR02232	4240	4091.34	0	0
KIR:KIR00471	4240	4091.34	61.4561	1268.94
KIR:KIR00629	4240	4091.34	37.0391	764.777
KIR:KIR01387	4236	4087.34	4.57742	94.6064
KIR:KIR01434	4240	4091.34	0	0
KIR:KIR01395	4240	4091.34	0	0
KIR:KIR01401	4240	4091.34	0	0
KIR:KIR01422	4236	4087.34	43.2519	893.933
KIR:KIR01425	4236	4087.34	14.9789	309.585
KIR:KIR01428	4240	4091.34	0	0
KIR:KIR01442	4240	4091.34	12.6462	261.117
KIR:KIR01454	4240	4091.34	12.0708	249.235
KIR:KIR02065	4240	4091.34	17.4468	360.238
KIR:KIR02082	4240	4091.34	0	0
KIR:KIR02069	4236	4087.34	10.0005	206.691
KIR:KIR02282	4240	4091.34	26.2163	541.309
KIR:KIR02098	4236	4087.34	0	0
KIR:KIR01451	4240	4091.34	0	0
KIR:KIR00268	4240	4091.34	19.9107	411.112
KIR:KIR02068	4240	4091.34	0	0
KIR:KIR00269	4240	4091.34	5637.6	116404
KIR:KIR01407	4240	4091.34	0	0
KIR:KIR01431	4240	4091.34	97.0437	2003.74
KIR:KIR01437	4240	4091.34	4.9979e-06	0.000103196
KIR:KIR02198	4240	4091.34	0	0
KIR:KIR01403	4240	4091.34	0	0
KIR:KIR01438	4240	4091.34	0	0
KIR:KIR01406	4240	4091.34	0	0
KIR:KIR01385	4240	4091.34	17.1897	354.93
KIR:KIR01444	4240	4091.34	73.1096	1509.55
KIR:KIR02251	4240	4091.34	0	0
KIR:KIR00492	5713	5564.34	16.2321	246.434
KIR:KIR00494	5713	5564.34	0	0
KIR:KIR00495	5732	5583.34	0	0
KIR:KIR02254	5713	5564.34	0	0
KIR:KIR02289	5713	5564.34	0	0
KIR:KIR02276	5709	5560.34	0	0
KIR:KIR02283	5709	5560.34	0	0
KIR:KIR00628	4240	4091.34	41.5593	858.11
KIR:KIR01449	4240	4091.34	1.27448e-08	2.63152e-07
KIR:KIR01394	4240	4091.34	195.838	4043.62
KIR:KIR01455	4240	4091.34	0	0
KIR:KIR01466	4240	4091.34	0	0
KIR:KIR02280	4240	4091.34	35.2053	726.913
KIR:KIR02226	4236	4087.34	0	0
KIR:KIR00705	4239	4090.34	0	0
KIR:KIR01416	4239	4090.34	29.3847	606.878
KIR:KIR01400	4239	4090.34	44.7859	924.957
KIR:KIR01452	4239	4090.34	0	0
KIR:KIR00863	4240	4091.34	277.609	5732.02
KIR:KIR01443	4240	4091.34	28.852	595.731
KIR:KIR01461	4240	4091.34	0	0
KIR:KIR01410	4240	4091.34	0.680587	14.0526
KIR:KIR02291	4240	4091.34	182.328	3764.67
KIR:KIR01388	4240	4091.34	0.000296782	0.00612791
KIR:KIR02071	4240	4091.34	0	0
KIR:KIR01389	4240	4091.34	32.489	670.826
KIR:KIR01391	4240	4091.34	85.506	1765.51
KIR:KIR01392	4240	4091.34	8.84632e-05	0.00182657
KIR:KIR01393	4240	4091.34	0	0
KIR:KIR01397	4240	4091.34	8.71842	180.016
KIR:KIR01398	4240	4091.34	0	0
KIR:KIR01399	4236	4087.34	0	0
KIR:KIR01405	4240	4091.34	4.5873e-05	0.000947178
KIR:KIR01408	4236	4087.34	17.4591	360.846
KIR:KIR01409	4240	4091.34	0.655459	13.5338
KIR:KIR01412	4236	4087.34	0.00219705	0.0454088
KIR:KIR01423	4240	4091.34	4.82434	99.6121
KIR:KIR01460	4240	4091.34	0	0
KIR:KIR01413	4240	4091.34	4191.11	86537.3
KIR:KIR01414	4240	4091.34	11.7793	243.218
KIR:KIR01415	4240	4091.34	0.394603	8.1477
KIR:KIR01417	4239	4090.34	5.95543	122.997
KIR:KIR01456	4240	4091.34	0	0
KIR:KIR01419	4240	4091.34	24.9282	514.714
KIR:KIR01459	4240	4091.34	0	0
KIR:KIR01420	4236	4087.34	13.299	274.864
KIR:KIR01421	4240	4091.34	0	0
KIR:KIR01424	4236	4087.34	9.26173	191.422
KIR:KIR01426	4240	4091.34	21.5033	443.996
KIR:KIR01427	4240	4091.34	0.958061	19.7819
KIR:KIR01429	4240	4091.34	15.9547	329.43
KIR:KIR01432	4240	4091.34	170.514	3520.74
KIR:KIR01439	4240	4091.34	10.9073	225.212
KIR:KIR01440	4240	4091.34	28.4284	586.985
KIR:KIR01445	4240	4091.34	229.832	4745.52
KIR:KIR01446	4239	4090.34	17.2391	356.037
KIR:KIR01448	4240	4091.34	22.533	465.258
KIR:KIR01450	4240	4091.34	0	0
KIR:KIR01453	4240	4091.34	1.10089e-08	2.2731e-07
KIR:KIR01462	4240	4091.34	16.7817	346.505
KIR:KIR01463	4236	4087.34	4.3902	90.7368
KIR:KIR01464	4240	4091.34	10.6037	218.943
KIR:KIR01465	4236	4087.34	24.1284	498.686
KIR:KIR02227	4240	4091.34	18.1726	375.225
KIR:KIR02114	4240	4091.34	10.8359	223.738
KIR:KIR02178	4236	4087.34	0	0
KIR:KIR02288	5713	5564.34	0	0
KIR:KIR02072	4240	4091.34	0	0
KIR:KIR02067	4240	4091.34	45.0885	930.98
KIR:KIR02263	5718	5569.34	91.1211	1382.15
KIR:KIR02260	4240	4091.34	9.74617	201.237
KIR:KIR02253	4240	4091.34	9.74617	201.237
KIR:KIR02073	4240	4091.34	16.3801	338.214
KIR:KIR02252	5713	5564.34	0	0
KIR:KIR02063	5713	5564.34	0	0
KIR:KIR02077	5694	5545.34	4.93243	75.1403
KIR:KIR02089	4240	4091.34	33.8746	699.437
KIR:KIR02080	4240	4091.34	5.53503e-05	0.00114286
KIR:KIR02087	4240	4091.34	2.01782	41.6635
KIR:KIR02084	4236	4087.34	0	0
KIR:KIR02088	4240	4091.34	14.9448	308.578
KIR:KIR02064	4240	4091.34	19.0456	393.251
KIR:KIR02277	4240	4091.34	0	0
KIR:KIR02274	4240	4091.34	12.1798	251.486
KIR:KIR02287	4239	4090.34	12.3268	254.584
KIR:KIR02199	4235	4086.34	0	0
KIR:KIR02290	4235	4086.34	0	0
KIR:KIR02078	4239	4090.34	32.4403	669.986
KIR:KIR02262	4240	4091.34	0	0
KIR:KIR02265	5713	5564.34	0	0
KIR:KIR02091	5713	5564.34	0	0
KIR:KIR02066	4239	4090.34	57.9785	1197.42
KIR:KIR02217	4236	4087.34	4.45	91.9728
KIR:KIR02094	4240	4091.34	10.1282	209.125
KIR:KIR02076	4240	4091.34	321.853	6645.56
KIR:KIR02269	5713	5564.34	0	0
KIR:KIR02259	4240	4091.34	132.047	2726.48
KIR:KIR02249	4240	4091.34	0.00328107	0.067747
KIR:KIR02270	4240	4091.34	0	0
KIR:KIR02083	5713	5564.34	0	0
KIR:KIR02293	5713	5564.34	0	0
KIR:KIR02075	5713	5564.34	34.9405	530.463
KIR:KIR02271	5713	5564.34	0	0
KIR:KIR02192	4240	4091.34	24.6693	509.367
KIR:KIR02268	4240	4091.34	77.4523	1599.22
KIR:KIR02248	4236	4087.34	10.9794	226.923
KIR:KIR02176	4240	4091.34	0	0
KIR:KIR02190	4240	4091.34	9.44299	194.977
KIR:KIR02170	4240	4091.34	32.4475	669.97
KIR:KIR02244	4235	4086.34	0	0
KIR:KIR02216	4236	4087.34	0	0
KIR:KIR00085	15144	14995.3	0	0
KIR:KIR00489	14933	14784.3	0	0
KIR:KIR00488	14932	14783.3	0	0
KIR:KIR00708	14958	14809.3	0	0
KIR:KIR00709	14903	14754.3	0	0
KIR:KIR00710	14963	14814.3	0	0
KIR:KIR00711	14903	14754.3	0	0
KIR:KIR00713	14963	14814.3	0	0
KIR:KIR00715	14958	14809.3	0	0
KIR:KIR00717	14963	14814.3	0	0
KIR:KIR00719	14958	14809.3	7.59353	43.316
KIR:KIR01641	14461	14312.3	0	0
KIR:KIR01672	14461	14312.3	0	0
KIR:KIR01635	14460	14311.3	0	0
KIR:KIR01638	14461	14312.3	4.72859	27.9101
KIR:KIR01678	14461	14312.3	0	0
KIR:KIR01631	14461	14312.3	0	0
KIR:KIR01667	14461	14312.3	0	0
KIR:KIR01659	14461	14312.3	0	0
KIR:KIR01648	14461	14312.3	13.0746	77.1717
KIR:KIR01653	14461	14312.3	0	0
KIR:KIR01661	14461	14312.3	13.0746	77.1717
KIR:KIR01656	14461	14312.3	5.46056	32.2305
KIR:KIR01657	14461	14312.3	13.0746	77.1717
KIR:KIR01662	14461	14312.3	0	0
KIR:KIR01654	14461	14312.3	4.23593	25.0022
KIR:KIR01633	14460	14311.3	0	0
KIR:KIR01670	14461	14312.3	0	0
KIR:KIR01634	14461	14312.3	5.50997	32.5221
KIR:KIR01629	14461	14312.3	2.94242e-05	0.000173673
KIR:KIR01644	14400	14251.3	13.1388	77.8825
KIR:KIR01674	14461	14312.3	0	0
KIR:KIR01639	14461	14312.3	0	0
KIR:KIR01666	14461	14312.3	0	0
KIR:KIR01665	14461	14312.3	0	0
KIR:KIR01649	14461	14312.3	0	0
KIR:KIR01651	14461	14312.3	0	0
KIR:KIR01658	14461	14312.3	0	0
KIR:KIR01664	14461	14312.3	0	0
KIR:KIR02299	15087	14938.3	0	0
KIR:KIR01630	14460	14311.3	10.9931	64.8906
KIR:KIR00243	14932	14783.3	0	0
KIR:KIR00751	14963	14814.3	0	0
KIR:KIR01675	14461	14312.3	0	0
KIR:KIR01676	14461	14312.3	8.04328	47.4747
KIR:KIR01673	14461	14312.3	0	0
KIR:KIR01642	14461	14312.3	0	0
KIR:KIR01677	14461	14312.3	0	0
KIR:KIR01650	14461	14312.3	0	0
KIR:KIR01679	14461	14312.3	0.116306	0.686485
KIR:KIR01643	14461	14312.3	5.27039	31.108
KIR:KIR01637	14463	14314.3	44.0355	259.88
KIR:KIR01645	14461	14312.3	7.8597	46.3912
KIR:KIR01671	14461	14312.3	0	0
KIR:KIR01636	14461	14312.3	0	0
KIR:KIR01655	14460	14311.3	0	0
KIR:KIR01632	14461	14312.3	0	0
KIR:KIR01680	14460	14311.3	0	0
KIR:KIR01663	14461	14312.3	0	0
KIR:KIR01669	14461	14312.3	32.6447	192.682
KIR:KIR01668	14461	14312.3	0	0
KIR:KIR01660	14461	14312.3	0	0
KIR:KIR01640	14460	14311.3	0	0
KIR:KIR01647	14460	14311.3	10.135	59.825
KIR:KIR01646	14461	14312.3	0	0
KIR:KIR01652	14450	14301.3	96.6164	570.708
